Project,Date,Species,Category ,Sample_Type,Sample_Subtype,Sample_Number,Depth,Average_reads_per_sample,Genes_Exon,Genes_Intron,Genes_Inex,Genes_Exon_Only,Genes_Intron_Only,Genes_Both,Total,Frac_Genes_Exon,Frac_Genes_Intron,Frac_Genes_Both,UMI_Exonic,UMI_Intronic,UMI_Inex,frac_inex_umi
Fang_Veronica_Araport,20200615,Arabidopsis,C,Plant,NA,50,41558415,831000,15385,844,15531,14687,146,698,15531,0.9,0.0,0.04,468026,6672,474046,0.01
Antoine_AT_BC,20191227,Arabidopsis/Botrytis,C,Plant/Fungus,Root,24,20589676,858000,16658,616,16831,16215,173,443,16831,1.0,0.0,0.03,378177,3060,381727,0.01
Yen_Yu_bulk,20191227,Medicago Truncatula,C,Plant,Root,36,43527940,1210000,22775,3281,23150,19869,376,2906,23151,0.9,0.0,0.13,646296,17926,659930,0.02
ALL_700,20200615,human,B,PDX,ALL,643,1534379380,2390000,15202,13757,19792,6035,4590,9167,19792,0.3,0.2,0.46,542453,220402,780316,0.30
ALL_freezer_seq_HSMM,20210211,human,B,PDX,ALL,384,995409360,2590000,23578,15729,29555,13826,5977,9752,29555,0.5,0.2,0.33,660745,217554,858678,0.23
AML400_hg38,20210218,human,B,PDX,AML,429,1233893899,2880000,16705,12757,20813,8056,4108,8649,20813,0.4,0.2,0.42,915369,181311,1114425,0.18
FangYu_2017_HyaAra,20200615,Hyaloperonospora_arabidopsidis,C,Fungus,NA,96,288531004,3010000,19621,3857,20620,16763,999,2859,20621,0.8,0.0,0.14,599511,28319,628338,0.05
Kami_gCAMP,20210118,human,A,Immune,PBMC,10,32493987,3249399,16716,14304,22702,8398,5986,8318,22702,0.4,0.3,0.37,334012,139677,476715,0.30
Ines_Balf3,20200615,mouse,B,Cancer Cell,AML,16,53078855,3320000,13004,10760,16299,5539,3295,7465,16299,0.3,0.2,0.46,564427,138393,716526,0.21
Johanna_Urine_Sep2018,20181004,"primates (h14, o6, g4)",A,Urinary,UDSC/iPSC,24,84623082,3525962,19734,16367,23918,7551,4184,12183,23918,0.3,0.2,0.51,1665334,388900,2110512,0.21
Will_mouse_line,20210414,human,A,Immune,FL,34,120113718,3530000,8176,6878,12738,5860,4562,2316,12738,0.5,0.4,0.18,32528,17497,49986,0.35
Jost_2019,20190612,human,A,Immune,BMMNC,47,178517479,3798244,16136,14029,20092,6063,3956,10073,20092,0.3,0.2,0.50,844310,209392,1009098,0.16
Jost_2020,20200615,human,B,Cancer Cell,Mast Cell Tumor,47,178517479,3800000,16136,14029,20092,6063,3956,10073,20092,0.3,0.2,0.50,844310,209392,1009098,0.16
Mariggi_bulk_MM,20200917,mouse,B,Cancer Cell,AML,24,94184242,3920000,16958,12681,21886,9205,4928,7753,21886,0.4,0.2,0.35,730935,87212,813445,0.10
Will_GC,20210427,human,A,Immune,B Cell,32,126302924,3950000,19258,14886,24673,9787,5415,9471,24673,0.4,0.2,0.38,1319719,150754,1480357,0.11
CHZ_Bulk_HsapMmus_zUMIs2,20200615,human,B,PDX,AML,96,380580493,3960000,13060,10090,18703,8613,5644,4447,18704,0.5,0.3,0.24,72438,38432,108412,0.33
Dopaloops_WT_DLS,20210602,mouse,A,Nervous,Striatum,94,372405310,3961759,17297,13136,20942,7806,3645,9491,20942,0.4,0.2,0.45,715505,232070,942622,0.24
Ehsan_HSMM,20201201,human,B,PDX,AML,75,306621078,4090000,15701,13716,23674,9958,7973,5743,23674,0.4,0.3,0.24,189404,48716,237956,0.20
Edbauer_Bulk_Heni,20190819,mouse,A,Nervous,Hippocampus/Cortex/Brainstem,120,497208266,4143402,16986,11396,20046,8650,3060,8336,20046,0.4,0.2,0.42,686832,113622,793238,0.13
Rafael_full_MG20,20191227,Medicago Truncatula,C,Plant,Root,60,251655144,4190000,25198,4776,25647,20872,449,4327,25648,0.8,0.0,0.17,1014887,42333,1052161,0.04
KatrinNov2020,20201130,mouse,A,Immune,CD4 T Cell,26,110175505,4237519,15556,10252,18548,8296,2992,7260,18548,0.4,0.2,0.39,661148,91030,760280,0.13
ALL_LT_B2_HSMM,20191227,human,B,PDX,ALL,34,145693500,4290000,18361,20345,28214,7869,9853,10492,28214,0.3,0.3,0.37,383630,406278,813672,0.53
Kami_chast,20200615,human,A,Immune,Macrophage,189,834993304,4420000,9312,8286,13209,4923,3897,4389,13209,0.4,0.3,0.33,79047,43686,122081,0.35
Dopaloops_WT_VES,20210602,mouse,A,Nervous,Striatum,94,441023073,4691735,18618,13747,22021,8274,3403,10344,22021,0.4,0.2,0.47,1041476,421844,1477710,0.30
Dopaloops_WT_DMS,20210602,mouse,A,Nervous,Striatum,95,451305556,4750585,20092,16341,25044,8703,4952,11389,25044,0.3,0.2,0.45,911100,389184,1303004,0.30
DA_lane2_Bulk,20200615,mouse,A,Immune,T Cell,25,121011147,4840000,12351,11785,16486,4701,4135,7650,16486,0.3,0.3,0.46,656450,358475,1011342,0.35
Yuting_sept2020,20200915,mouse,A,Immune,CD4 T Cell,15,72791966,4852798,13415,6905,16127,9222,2712,4193,16127,0.6,0.2,0.26,1344806,72338,1409602,0.05
Raquel2020,20210118,mouse,A,Immune,B Cell,40,196257893,4906447,14848,8684,17700,9016,2852,5832,17700,0.5,0.2,0.33,311156,65039,381987,0.19
Kami_Myh11_2,20210430,mouse,A,Immune,Monocyte,9,44186913,4909657,5172,5274,9362,4088,4190,1084,9362,0.4,0.4,0.12,33789,12888,46603,0.27
Binje_Bulk,20200615,human,B,PDX,AML,65,321067720,4940000,20668,18948,27714,8766,7046,11902,27714,0.3,0.3,0.43,1243211,314865,1535515,0.19
Anja_Bulk,20200615,human,B,Cancer Cell,AML,72,367524312,5100000,16915,17421,23727,6306,6812,10609,23727,0.3,0.3,0.45,536213,226825,765653,0.30
Rafael_Yen_bulk2_MG20,20200115,Medicago Truncatula,C,Plant,Root,36,187608414,5210000,25883,5030,26373,21344,491,4539,26374,0.8,0.0,0.17,717637,72114,773685,0.07
Alessandra_bulk,20200728,human,B,Cancer Cell,AML,36,188949807,5250000,17902,16131,24355,8224,6454,9678,24356,0.3,0.3,0.40,1705263,478377,2213546,0.23
Hundelshausen_macro,20210502,mouse,A,Immune,Megakaryocyte,14,73753980,5268141,7851,5820,11804,5984,3953,1867,11804,0.5,0.3,0.16,116326,26898,142025,0.18
Endo_Meso_diff,20200805,"primates  (h4, g3, c3, o3)",B,Pluripotent Cell,Germ Layer Cells,13,69469374,5343798,22583,17555,26803,9248,4220,13335,26803,0.3,0.2,0.50,3250664,410911,3707673,0.12
Michael_EZH2_CD8,20210413,mouse,A,Immune,CD8 T Cell,10,53627688,5362769,17716,9904,20374,10470,2658,7246,20374,0.5,0.1,0.36,2753182,110626,2860232,0.04
Babak_Foxp2,20170728,mouse,A,Nervous,Striatum,31,168160761,5424541,19968,17953,23006,5053,3038,14915,23006,0.2,0.1,0.65,1484727,1303746,2808176,0.47
Kami_Myh11_1,20210430,mouse,A,Musculoskeletal,Smooth Muscle Cell,9,48832166,5425796,10028,7588,14665,7077,4637,2951,14665,0.5,0.3,0.20,94434,24284,118628,0.20
Will_mouse_line2,20210415,human,A,Immune,FL,40,218417875,5460000,6658,5015,10560,5545,3902,1113,10560,0.5,0.4,0.11,21860,9676,34946,0.37
DA_lane1_Bulk,20200615,mouse,A,Immune,T Cell,16,87810387,5490000,10735,8780,14182,5402,3447,5333,14182,0.4,0.2,0.38,390166,154191,548080,0.29
Yuting_nov2020,20201130,mouse,A,Immune,CD4 T Cell,23,128115947,5570259,15627,11976,19986,8010,4359,7617,19986,0.4,0.2,0.38,901509,167042,1066079,0.15
Bingni,20210502,mouse,A,Cardiopulmonary,Endothelial Cell,11,61997694,5636154,18331,12997,22682,9685,4351,8646,22682,0.4,0.2,0.38,452803,108094,559417,0.19
Sandra,20180619,human,A,Immune,NA,83,471649567,5680000,13724,11847,17347,5500,3623,8224,17347,0.3,0.2,0.47,344655,155923,500578,0.31
Will_bulk4,20200626,human,A,Immune,FL,30,173289413,5780000,9839,10321,14953,4633,5114,5207,14954,0.3,0.3,0.35,72974,78604,154274,0.53
Beer_bulk_HS_EBV,20200914,human,A,Immune,B Cell,54,315568870,5840000,16154,13694,22112,8419,5959,7735,22113,0.4,0.3,0.35,836132,118243,936227,0.11
Foxp2_Atlas_SMI,20210209,mouse,A,Digestive,Small Intestines ,24,142122775,5921782,17382,11602,19235,7633,1853,9749,19235,0.4,0.1,0.51,1968784,258936,2204667,0.11
dux4_Hsap,20200615,human,B,PDX,AML,61,364845827,5980000,14234,12203,19029,6826,4795,7408,19029,0.4,0.3,0.39,384612,95537,458911,0.16
Michela_Nalm6_rev,20210125,human,B,PDX,AML,36,215428861,5980000,16931,10291,20749,10458,3818,6473,20749,0.5,0.2,0.31,552710,78789,630861,0.12
Edbauer_Bulk_Qihui,20190819,mouse,A,Nervous,Microglia,70,424723001,6067471,19174,14074,22704,8630,3530,10544,22704,0.4,0.2,0.46,1308820,216483,1492922,0.12
Yong,20210415,mouse,A,Immune,Macrophage,50,304634373,6092687,8205,3746,10166,6420,1961,1785,10166,0.6,0.2,0.18,73713,10132,83726,0.12
AML_LRC_Hsap,20200615,human,B,PDX,AML,24,147072360,6130000,20503,16952,24871,7920,4368,12584,24872,0.3,0.2,0.51,2432474,706012,3131424,0.22
Foxp2_Atlas_BLA,20210209,mouse,A,Urinary,Bladder,24,147605071,6150211,16839,10288,18125,7837,1286,9002,18125,0.4,0.1,0.50,1121691,127950,1248498,0.10
Foxp2_Atlas_COL,20210209,mouse,A,Digestive,Colon,24,149444378,6226849,18119,11518,19584,8066,1465,10053,19584,0.4,0.1,0.51,2324318,186208,2487607,0.07
DC_reprocess_21,20210414,human,A,Immune,DC,31,196588639,6340000,18297,13699,22559,8860,4263,9437,22560,0.4,0.2,0.42,1420437,271109,1695214,0.16
Foxp2_Atlas_CER,20210209,mouse,A,Nervous,Cerebellum,24,152361734,6348406,18542,12451,20432,7981,1890,10561,20432,0.4,0.1,0.52,1624876,363134,1993624,0.18
Apr_2018_iPSC_diff,20190205,"primates (g12, h17, c24)",B,Pluripotent Cell,iPSC/NPC,53,340762162,6429475,17290,15821,22280,6459,4990,10831,22280,0.3,0.2,0.49,429644,292376,696806,0.38
UHMK1,20200615,human,B,Cancer Cell,AML,30,193649969,6450000,15951,15417,20396,4980,4446,10971,20397,0.2,0.2,0.54,2460357,485167,2931711,0.16
SF1,20200615,human,B,Cancer Cell,AML,48,311114082,6480000,17495,17237,23616,6379,6121,11116,23616,0.3,0.3,0.47,1552399,387650,1922947,0.19
Foxp2_Atlas_MLA,20210209,mouse,A,Nervous,Medulla,24,155876551,6494856,19348,11985,20996,9011,1648,10337,20996,0.4,0.1,0.49,2372248,166350,2559347,0.07
Will_bulk2_2,20191227,human,A,Immune,FL,27,177007598,6560000,9113,7951,12712,4761,3599,4352,12712,0.4,0.3,0.34,67388,42333,108740,0.38
Maryam,20181004,mouse,B,Cancer Cell,Breast/Lung Tumor Cell Line,24,159697008,6654042,16109,13942,20782,6840,4673,9269,20782,0.3,0.2,0.45,2131298,444135,2565736,0.17
Foxp2_Atlas_AMY,20210209,mouse,A,Nervous,Amygdala,24,160583036,6690960,18824,11588,20472,8884,1648,9940,20472,0.4,0.1,0.49,2051065,198900,2239209,0.08
Alessandra_2,20210119,human,B,Cancer Cell,AML,36,242069701,6720000,8628,3083,10026,6943,1398,1685,10026,0.7,0.1,0.17,57428,6895,64502,0.11
Edbauer_ALS_Bulk,20180514,mouse,A,Nervous,Hippocampus/Cortex,90,607862036,6754023,19765,13938,22596,8658,2831,11107,22596,0.4,0.1,0.49,2125493,260766,2378718,0.11
Foxp2_Atlas_PON,20210209,mouse,A,Nervous,Pons,24,162613566,6775565,18304,11439,19970,8531,1666,9773,19970,0.4,0.1,0.49,1854192,149854,2003800,0.07
Foxp2_Atlas_HEA,20210209,mouse,A,Cardiopulmonary,Heart,24,165797552,6908231,15392,8513,16648,8135,1256,7257,16648,0.5,0.1,0.44,2991790,72944,3067478,0.02
Foxp2_Atlas_DOS,20210209,mouse,A,Nervous,Striatum,24,165797552,6908231,19266,12258,21116,8858,1850,10408,21116,0.4,0.1,0.49,2471752,255206,2738774,0.10
Foxp2_Atlas_VES,20210209,mouse,A,Nervous,Striatum,24,166467850,6936160,18937,11908,20662,8754,1725,10183,20662,0.4,0.1,0.49,2216540,219890,2415078,0.08
Foxp2_Atlas_SPL,20210209,mouse,A,Immune,Spleen,24,167265038,6969377,16178,12038,18835,6797,2657,9381,18835,0.4,0.1,0.50,1123878,326388,1424022,0.21
Foxp2_Atlas_LIV,20210209,mouse,A,Digestive,Liver,24,171165193,7131883,15672,9478,17104,7626,1432,8046,17104,0.4,0.1,0.47,3059222,127490,3176702,0.04
Maike_bulk,20201123,human,B,Cancer Cell,AML,48,343687027,7160000,20329,17710,26950,9240,6621,11089,26950,0.3,0.2,0.41,2413964,635285,3056800,0.21
Fang_Yu_D5_HyaAra,20200615,Hyaloperonospora_arabidopsidis,C,Fungus,NA,72,519351123,7210000,21510,3860,22046,18186,536,3324,22046,0.8,0.0,0.15,1334577,27015,1364579,0.02
Michael_April_exp1_3,20190508,mouse,A,Immune,T Effector/Monocyte/Macrophage,39,281646648,7221709,14372,12068,18776,6708,4404,7664,18776,0.4,0.2,0.41,415141,155510,566621,0.27
Sophia_rox_artthromb_1,20210502,human,A,Immune,Nonclassical Monocyte,10,72959389,7295939,15676,15160,22805,7645,7129,8031,22805,0.3,0.3,0.35,516104,243798,758112,0.32
GATA2,20200615,human,B,Cancer Cell,AML,24,175231123,7300000,19017,17602,24573,6972,5556,12046,24574,0.3,0.2,0.49,2425468,522129,2904592,0.16
Will_cell_lines_hs,20200713,human,A,Immune,FL,21,153761335,7320000,19711,15980,25747,9767,6036,9944,25747,0.4,0.2,0.39,2775491,685586,3456828,0.20
Foxp2_Atlas_LUN,20210209,mouse,A,Cardiopulmonary,Lung,24,177049706,7377071,18580,11888,20140,8252,1560,10328,20140,0.4,0.1,0.51,2297220,235524,2525928,0.09
Foxp2_Atlas_THA,20210209,mouse,A,Nervous,Thalamus,24,177246717,7385280,19734,12842,21618,8776,1884,10958,21618,0.4,0.1,0.51,2434781,327080,2751315,0.12
Kami_pericyte,20210430,mouse,A,Immune,Pericyte,20,147775553,7388778,8146,5146,11276,6130,3130,2016,11276,0.5,0.3,0.18,58888,14306,73148,0.19
Sophie,20180619,human,B,Cancer Cell,AML,90,667264509,7410000,30780,22284,38357,16074,7577,14707,38358,0.4,0.2,0.38,2655186,365921,2997550,0.11
Spiekermann_Sophie,20170713,human,B,Cancer Cell,AML,90,667264509,7414050,30780,22284,38057,15773,7277,15007,38057,0.4,0.2,0.39,2655186,365921,2997550,0.11
Kami_asympt_CD4,20210103,human,A,Immune,CD4 T Cell,61,453475416,7434023,13615,13511,19876,6365,6261,7250,19876,0.3,0.3,0.36,179999,141165,324770,0.45
Foxp2_Atlas_KID,20210209,mouse,A,Urinary,Kidney,24,178812341,7450514,17998,10928,19466,8538,1468,9460,19466,0.4,0.1,0.49,3429545,136196,3565195,0.04
Paul_bulk,20201211,mouse,B,Pluripotent Cell,ESC,48,362302997,7550000,16279,12883,19429,6546,3150,9733,19429,0.3,0.2,0.50,1385787,281726,1609035,0.14
Michael_NKT,20210118,mouse,A,Immune,NKT Cell,8,60576522,7572065,12476,8666,16605,7939,4129,4537,16605,0.5,0.2,0.27,156631,60440,216728,0.28
Laura_2019,20191118,zebrafish,A,Immune,Macrophage,20,152308641,7615432,16972,13442,20462,7020,3490,9952,20462,0.3,0.2,0.49,1672986,161080,1848200,0.09
Will_bulk2_1,20191227,human,A,Immune,FL,31,237700974,7670000,4310,7085,9753,2668,5443,1642,9753,0.3,0.6,0.17,48140,40191,91913,0.48
Foxp2_Atlas_MCO,20210209,mouse,A,Nervous,Cortex,24,184164613,7673526,19182,11926,20972,9046,1790,10136,20972,0.4,0.1,0.48,2744274,205742,2967972,0.08
Sophia_rox_artthromb_3,20210502,human,A,Immune,Classical Monocyte,10,77154105,7715411,16038,14792,22904,8112,6866,7926,22904,0.4,0.3,0.35,491084,221964,711314,0.31
Oostendorp_ageing_bulk,20180502,mouse,A,Musculoskeletal,HSC,20,154988721,7749436,14256,12579,19353,6774,5097,7482,19353,0.4,0.3,0.39,278785,185268,465648,0.40
Kami_peri_macro,20210118,mouse,A,Immune,Macrophage,8,63964151,7995519,16406,11447,20321,8874,3915,7532,20321,0.4,0.2,0.37,680922,130476,806924,0.16
Michael_EZH2_2019,20191205,mouse,A,Immune,CD4 T Cell,9,72386086,8042898,17858,13079,20989,7910,3131,9948,20989,0.4,0.1,0.47,2704451,240463,2912509,0.07
Michael_june_2018,20180614,mouse,A,Immune,CD4 T Cell,11,89435464,8130497,12583,12488,18286,5798,5703,6785,18286,0.3,0.3,0.37,181556,132982,312245,0.42
Enric_ZBTB7A_z3u2,20200615,human,B,Cancer Cell,AML,37,302458592,8170000,17899,15438,22229,6791,4330,11108,22229,0.3,0.2,0.50,2275883,392365,2664432,0.15
ALL_LT_B3_HSMM_seq2,20210217,human,B,PDX,ALL,40,327596793,8190000,8732,7886,14537,6652,5806,2080,14538,0.5,0.4,0.14,41534,25245,66250,0.37
Michael_April_exp4,20190508,mouse,A,Immune,Macrophage,24,200076477,8336520,15914,12495,19512,7017,3598,8897,19512,0.4,0.2,0.46,3875014,268950,4147086,0.07
Foxp2_Atlas_MID,20210209,mouse,A,Nervous,Midbrain,24,201188900,8382871,19928,13068,21853,8785,1925,11143,21853,0.4,0.1,0.51,2524544,362878,2780702,0.09
Sophia_rox_artthromb_4,20210502,human,A,Immune,Nonclassical Monocyte,10,84192630,8419263,12781,14969,21519,6550,8738,6231,21519,0.3,0.4,0.29,649354,363742,1006100,0.35
Kami_asympt_NK,20210103,human,A,Immune,NK Cell,61,513908493,8424729,10998,12319,17659,5340,6661,5658,17659,0.3,0.4,0.32,72194,73267,144028,0.50
Kami_thrombi_mono,20210118,human,A,Immune,Monocyte,14,118480281,8462877,12692,10516,17915,7399,5223,5293,17915,0.4,0.3,0.30,219944,76638,296322,0.26
Sophia_rox_artthromb_2,20210502,human,A,Immune,Classical Monocyte,10,85455003,8545500,17137,15231,24062,8831,6925,8306,24062,0.4,0.3,0.35,619562,191606,809719,0.23
Kami_asympt_CD8,20210103,human,A,Immune,CD8 T Cell,61,526290640,8627715,15502,15781,22689,6908,7187,8594,22689,0.3,0.3,0.38,173058,186307,353092,0.51
Nicolai_kuppfer,20210502,mouse,A,Immune,Kuppfer Cell,7,61042871,8720410,7666,7689,13348,5659,5682,2007,13348,0.4,0.4,0.15,92278,22298,114536,0.19
Urine_paper_revisions,20201127,human,A,Urinary,UDSC,19,165756189,8724010,21006,15687,25680,9993,4674,11013,25680,0.4,0.2,0.43,2172970,454127,2633742,0.17
AML_Aplasie_downsampled,20191227,human,A,Immune,AML,20,178814900,8940000,9816,12977,17695,4718,7879,5098,17695,0.3,0.4,0.29,99198,84539,197190,0.50
Helena_Dx_Rel,20191227,human,A,Immune,AML,32,289590651,9050000,13900,14859,20750,5891,6850,8009,20750,0.3,0.3,0.39,210185,153093,358296,0.41
Edbauer_Bulk_Katie1,20201013,mouse,A,Nervous,Hippocampus/Cortex,84,826769283,9842491,23505,18874,28804,9930,5299,13575,28804,0.3,0.2,0.47,1566200,681048,2254111,0.31
Edbauer_Bulk_Katie2,20201013,mouse,A,Nervous,Hippocampus/Cortex,73,738341739,10114270,22910,18336,28069,9733,5159,13177,28069,0.3,0.2,0.47,1347825,647520,2002625,0.33
MLL_KD,20191227,human,B,PDX,AML,36,368006698,10200000,17674,17263,23989,6726,6315,10949,23990,0.3,0.3,0.46,656509,406156,1035629,0.37
Kami_asympt_monocyte,20210103,human,A,Immune,Monocyte,61,630918344,10342924,16394,16083,23586,7503,7192,8891,23586,0.3,0.3,0.38,336456,248703,562609,0.40
Michael_bulk_fall,20190103,mouse,A,Immune,CD4 T Cell,81,855843229,10565966,16819,15731,22874,7143,6055,9676,22874,0.3,0.3,0.42,850164,428217,1293394,0.34
Kami_neutrophil,20200915,human,A,Immune,Neutrophil,30,333866108,11128870,9026,11545,16194,4649,7168,4377,16194,0.3,0.4,0.27,119156,131017,247988,0.52
Raquel2019,20191118,mouse,A,Immune,B Cell,12,134183422,11181952,14932,13595,20002,6407,5070,8525,20002,0.3,0.3,0.43,400606,216112,610824,0.34
Michael_sept2020,20200915,mouse,A,Digestive,Liver,12,134321077,11193423,18256,10487,21138,10651,2882,7605,21138,0.5,0.1,0.36,3298310,191962,3491292,0.06
Foxp2_Atlas_TES,20210209,mouse,A,Reproductive,Testis,13,156423616,12032586,24578,13907,26253,12346,1675,12232,26253,0.5,0.1,0.47,4405060,186188,4581557,0.04
Sophie_Bulk,20180619,human,B,Cancer Cell,AML,99,1192954561,12100000,21743,19047,27306,8259,5563,13484,27306,0.3,0.2,0.49,3304665,1191187,4431165,0.25
Paul_Tet1_Nov,20210326,mouse,B,Pluripotent Cell,ESC,12,157174744,13100000,24111,16245,28187,11942,4076,12169,28187,0.4,0.1,0.43,5933541,522365,6472862,0.08
EZH2_rev2,20200914,human,B,Cancer Cell,AML,11,151550105,13800000,23991,19659,30615,10956,6624,13035,30615,0.4,0.2,0.43,1977816,516988,2507980,0.21
ALL_LT_B3_HSMM,20210211,human,B,PDX,ALL,38,536560853,14100000,10646,9374,17365,7992,6719,2655,17366,0.5,0.4,0.15,61348,34768,95886,0.36
DA_Bcl6_i7,20200615,mouse,A,Immune,T Cell,10,181413918,18100000,13541,12886,18566,5681,5026,7860,18567,0.3,0.3,0.42,1167876,413326,1560973,0.25